{
  "NetworkMagic": 6,
  "NodeToClientVersion": 23,
  "Point": {
    "blockPointHash": "47e5db4f24736522d541d8a8710f7018056ee013410b6679d3d6ca1edfe1b4fb",
    "blockPointSlot": 6283615
  },
  "bigLedgerPools": [
    {
      "accumulatedStake": 0.269251008534225,
      "relativeStake": 0.269251008534225,
      "relays": [
        {
          "address": "dijkstra-node.play.dev.cardano.org",
          "port": 3001
        }
      ]
    },
    {
      "accumulatedStake": 0.5276551790892602,
      "relativeStake": 0.2584041705550351,
      "relays": [
        {
          "address": "104.197.53.67",
          "port": 6002
        }
      ]
    },
    {
      "accumulatedStake": 0.7638286851937579,
      "relativeStake": 0.23617350610449778,
      "relays": [
        {
          "address": "dijkstra-node.play.dev.cardano.org",
          "port": 3001
        }
      ]
    },
    {
      "accumulatedStake": 1,
      "relativeStake": 0.2361713148062421,
      "relays": [
        {
          "address": "dijkstra-node.play.dev.cardano.org",
          "port": 3001
        }
      ]
    }
  ]
}
