{
  "NetworkMagic": 6,
  "NodeToClientVersion": 23,
  "Point": {
    "blockPointHash": "718e915ad7141db962423baeeb46e6ec6edcceb79efa53fbb6317bb77ba19bae",
    "blockPointSlot": 2849617
  },
  "bigLedgerPools": [
    {
      "accumulatedStake": 0.2675285595045949,
      "relativeStake": 0.2675285595045949,
      "relays": [
        {
          "address": "dijkstra-node.play.dev.cardano.org",
          "port": 3001
        }
      ]
    },
    {
      "accumulatedStake": 0.5264896101115077,
      "relativeStake": 0.25896105060691277,
      "relays": [
        {
          "address": "104.197.53.67",
          "port": 6002
        }
      ]
    },
    {
      "accumulatedStake": 0.7632768582267193,
      "relativeStake": 0.23678724811521162,
      "relays": [
        {
          "address": "dijkstra-node.play.dev.cardano.org",
          "port": 3001
        }
      ]
    },
    {
      "accumulatedStake": 1,
      "relativeStake": 0.23672314177328066,
      "relays": [
        {
          "address": "dijkstra-node.play.dev.cardano.org",
          "port": 3001
        }
      ]
    }
  ]
}
